{
	"info": {
		"_postman_id": "e331fd33-1019-4bb2-b131-782678860c72",
		"name": "Finance Invoice",
		"schema": "https://schema.getpostman.com/json/collection/v2.1.0/collection.json"
	},
	"item": [
		{
			"name": "Create new invoice",
			"request": {
				"method": "POST",
				"header": [],
				"body": {
					"mode": "raw",
					"raw": "{\r\n    \"amount\": 5.00,\r\n    \"dueDate\": \"2021-11-06\",\r\n    \"type\": \"LIBRARY_FINE\",\r\n    \"account\": {\r\n        \"studentId\": \"c7465688\"\r\n    }\r\n}",
					"options": {
						"raw": {
							"language": "json"
						}
					}
				},
				"url": {
					"raw": "localhost:8081/invoices/",
					"host": [
						"localhost"
					],
					"port": "8081",
					"path": [
						"invoices",
						""
					]
				}
			},
			"response": []
		},
		{
			"name": "Pay invoice",
			"request": {
				"method": "PUT",
				"header": [
					{
						"key": "Content-Type",
						"value": "application/json",
						"type": "text"
					}
				],
				"body": {
					"mode": "raw",
					"raw": "",
					"options": {
						"raw": {
							"language": "json"
						}
					}
				},
				"url": {
					"raw": "localhost:8081/invoices/ABCD1234/pay",
					"host": [
						"localhost"
					],
					"port": "8081",
					"path": [
						"invoices",
						"ABCD1234",
						"pay"
					]
				}
			},
			"response": []
		},
		{
			"name": "Cancel invoice",
			"request": {
				"method": "DELETE",
				"header": [
					{
						"key": "Content-Type",
						"value": "application/json",
						"type": "text"
					}
				],
				"body": {
					"mode": "raw",
					"raw": "",
					"options": {
						"raw": {
							"language": "json"
						}
					}
				},
				"url": {
					"raw": "localhost:8081/invoices/ZZ666666/cancel",
					"host": [
						"localhost"
					],
					"port": "8081",
					"path": [
						"invoices",
						"ZZ666666",
						"cancel"
					],
					"query": [
						{
							"key": "",
							"value": "",
							"disabled": true
						}
					]
				}
			},
			"response": []
		},
		{
			"name": "Get all invoices",
			"request": {
				"method": "GET",
				"header": [],
				"url": {
					"raw": "localhost:8081/invoices/",
					"host": [
						"localhost"
					],
					"port": "8081",
					"path": [
						"invoices",
						""
					]
				}
			},
			"response": []
		},
		{
			"name": "Get an invoice",
			"request": {
				"method": "GET",
				"header": [],
				"url": {
					"raw": "localhost:8081/invoices/1",
					"host": [
						"localhost"
					],
					"port": "8081",
					"path": [
						"invoices",
						"1"
					]
				}
			},
			"response": []
		},
		{
			"name": "Get invoice by reference",
			"request": {
				"method": "GET",
				"header": [],
				"url": {
					"raw": "localhost:8081/invoices/reference/ZZ666666",
					"host": [
						"localhost"
					],
					"port": "8081",
					"path": [
						"invoices",
						"reference",
						"ZZ666666"
					]
				}
			},
			"response": []
		}
	]
}